,LHS,LHS_size,RHS,RHS_size,conf,sup,lift,cov
0,"('isEmpty == ""false""',)",1,"('calledMethod == ""push""',)",1,0.9863308441969371,0.9844618494188985,1.0018984938615365,1.1367307292590128
1,"('calledMethod == ""push""',)",1,"('isEmpty == ""false""',)",1,1.0,0.9844618494188985,1.0018984938615365,1894896.4123294274
