,LHS,LHS_size,RHS,RHS_size,conf,sup,lift,cov
0,"('isEmpty == ""true""',)",1,"('size == ""0.0""',)",1,1.0,0.5720363771738552,1.7481405727036072,427963622.8261447
1,"('size_p == ""0""',)",1,"('isEmpty_p == ""True""',)",1,1.0,0.5720363771738552,1.7481405727036072,427963622.8261447
2,"('isEmpty_p == ""True""',)",1,"('size_p == ""0""',)",1,1.0,0.5720363771738552,1.7481405727036072,427963622.8261447
3,"('size == ""0.0""',)",1,"('isEmpty == ""true""',)",1,1.0,0.5720363771738552,1.7481405727036072,427963622.8261447
